timestamp,symbol,stock_name,current_price,predicted_price,prediction_date,available_factors,total_factors,factors
2026-06-16T06:34:41+01:00,AAOI,"Applied Optoelectronics, Inc.",$191.55,$192.06,2026-06-23,63,64,"Current price=$191.55, Market cap=$11.53B, Enterprise value=$11.38B, 20D avg dollar volume=$2.58B, 1D return=13.3%, 5D return=-2.6%, 20D return=0.6%, 63D return=103.6%, 126D return=427.4%, 252D return=1032.1%, 63D relative strength vs SPY=0.92, 50DMA=166.99, 200DMA=74.75, Price vs 50DMA=14.7%, Price vs 200DMA=156.2%, Distance from 52W high=-14.1%, Distance from 52W low=1138.2%, RSI 14=53.10, 20D realized volatility=146.6%, 60D realized volatility=152.9%, 1Y beta vs SPY=-0.75, 1Y correlation vs SPY=-6.9%, 1Y max drawdown=-47.6%, 60D downside volatility=81.7%, ATR 14 as % price=13.6%, Prediction date=2026-06-23, Predicted price center=$192.06, 68% prediction low=$156.23, 68% prediction high=$236.10, Revenue=$455.71M, Revenue growth YoY=82.8%, Gross profit=$136.91M, Gross margin=30.0%, Operating income=$-54.60M, Operating margin=-12.0%, Net income=$-38.23M, Net margin=-8.4%, Diluted EPS=-0.64, EPS growth YoY=-114.2%, Operating cash flow=$-174.43M, Capital expenditure=$179.15M, Free cash flow=$-353.58M, FCF margin=-77.6%, CFO / net income=4.56, Total assets=$1.17B, Total liabilities=$434.50M, Shareholders equity=$733.92M, Cash and equivalents=$216.03M, Total debt=$67.95M, Debt / equity=0.09, Cash / assets=18.5%, Liabilities / assets=37.2%, ROA=-3.3%, ROE=-5.2%, P/E=-299.30, P/S=25.30, P/B=15.71, P/FCF=-32.60, EV/Sales=24.97, EV/EBITDA=-208.42, R&D / sales=18.8%, SG&A / sales=Unavailable, Diluted share change YoY=44.9%, Interest coverage=-5.79"
2026-06-16T06:34:41+01:00,AAPL,Apple Inc.,$291.13,$291.97,2026-06-23,64,64,"Current price=$291.13, Market cap=$4.37T, Enterprise value=$4.44T, 20D avg dollar volume=$14.70B, 1D return=-1.5%, 5D return=-5.3%, 20D return=-2.4%, 63D return=16.4%, 126D return=4.4%, 252D return=46.5%, 63D relative strength vs SPY=0.04, 50DMA=285.49, 200DMA=266.87, Price vs 50DMA=2.0%, Price vs 200DMA=9.1%, Distance from 52W high=-7.6%, Distance from 52W low=48.8%, RSI 14=34.19, 20D realized volatility=23.9%, 60D realized volatility=23.2%, 1Y beta vs SPY=0.89, 1Y correlation vs SPY=48.4%, 1Y max drawdown=-13.8%, 60D downside volatility=14.5%, ATR 14 as % price=2.6%, Prediction date=2026-06-23, Predicted price center=$291.97, 68% prediction low=$282.30, 68% prediction high=$301.97, Revenue=$416.16B, Revenue growth YoY=6.4%, Gross profit=$195.20B, Gross margin=46.9%, Operating income=$133.05B, Operating margin=32.0%, Net income=$112.01B, Net margin=26.9%, Diluted EPS=7.46, EPS growth YoY=22.7%, Operating cash flow=$111.48B, Capital expenditure=$12.71B, Free cash flow=$98.77B, FCF margin=23.7%, CFO / net income=1.00, Total assets=$359.24B, Total liabilities=$285.51B, Shareholders equity=$73.73B, Cash and equivalents=$35.93B, Total debt=$103.03B, Debt / equity=1.40, Cash / assets=10.0%, Liabilities / assets=79.5%, ROA=31.2%, ROE=151.9%, P/E=39.03, P/S=10.50, P/B=59.25, P/FCF=44.23, EV/Sales=10.66, EV/EBITDA=30.64, R&D / sales=8.3%, SG&A / sales=6.6%, Diluted share change YoY=-2.6%, Interest coverage=33.83"
2026-06-16T06:34:41+01:00,AMZN,"Amazon.com, Inc.",$238.55,$231.25,2026-06-23,60,64,"Current price=$238.55, Market cap=$2.58T, Enterprise value=$2.56T, 20D avg dollar volume=$9.96B, 1D return=-1.2%, 5D return=-3.0%, 20D return=-10.7%, 63D return=14.9%, 126D return=2.9%, 252D return=11.9%, 63D relative strength vs SPY=0.03, 50DMA=254.77, 200DMA=232.51, Price vs 50DMA=-6.4%, Price vs 200DMA=2.6%, Distance from 52W high=-13.3%, Distance from 52W low=20.0%, RSI 14=26.76, 20D realized volatility=28.1%, 60D realized volatility=30.0%, 1Y beta vs SPY=1.43, 1Y correlation vs SPY=58.5%, 1Y max drawdown=-21.7%, 60D downside volatility=16.1%, ATR 14 as % price=3.3%, Prediction date=2026-06-23, Predicted price center=$231.25, 68% prediction low=$222.28, 68% prediction high=$240.58, Revenue=$716.92B, Revenue growth YoY=12.4%, Gross profit=$5.53B, Gross margin=0.8%, Operating income=$79.97B, Operating margin=11.2%, Net income=$77.67B, Net margin=10.8%, Diluted EPS=7.17, EPS growth YoY=29.7%, Operating cash flow=$139.51B, Capital expenditure=$131.82B, Free cash flow=$7.70B, FCF margin=1.1%, CFO / net income=1.80, Total assets=$818.04B, Total liabilities=Unavailable, Shareholders equity=$411.06B, Cash and equivalents=$90.11B, Total debt=$71.58B, Debt / equity=0.17, Cash / assets=11.0%, Liabilities / assets=Unavailable, ROA=9.5%, ROE=18.9%, P/E=33.27, P/S=3.60, P/B=6.28, P/FCF=335.64, EV/Sales=3.58, EV/EBITDA=17.60, R&D / sales=Unavailable, SG&A / sales=Unavailable, Diluted share change YoY=1.0%, Interest coverage=25.13"
2026-06-16T06:34:41+01:00,APP,AppLovin Corporation,$520.86,$524.92,2026-06-23,60,64,"Current price=$520.86, Market cap=$178.12B, Enterprise value=$179.14B, 20D avg dollar volume=$2.52B, 1D return=4.8%, 5D return=-7.6%, 20D return=4.0%, 63D return=14.9%, 126D return=-27.4%, 252D return=36.9%, 63D relative strength vs SPY=0.03, 50DMA=486.91, 200DMA=542.14, Price vs 50DMA=7.0%, Price vs 200DMA=-3.9%, Distance from 52W high=-29.0%, Distance from 52W low=60.4%, RSI 14=51.14, 20D realized volatility=70.2%, 60D realized volatility=68.6%, 1Y beta vs SPY=0.14, 1Y correlation vs SPY=2.3%, 1Y max drawdown=-50.0%, 60D downside volatility=42.5%, ATR 14 as % price=7.2%, Prediction date=2026-06-23, Predicted price center=$524.92, 68% prediction low=$475.50, 68% prediction high=$579.48, Revenue=$5.48B, Revenue growth YoY=16.4%, Gross profit=Unavailable, Gross margin=Unavailable, Operating income=$4.15B, Operating margin=75.8%, Net income=$3.33B, Net margin=60.8%, Diluted EPS=9.75, EPS growth YoY=115.2%, Operating cash flow=$3.97B, Capital expenditure=$4.78M, Free cash flow=$3.97B, FCF margin=72.4%, CFO / net income=1.19, Total assets=$7.26B, Total liabilities=$5.12B, Shareholders equity=$2.13B, Cash and equivalents=$2.49B, Total debt=$3.51B, Debt / equity=1.65, Cash / assets=34.3%, Liabilities / assets=70.6%, ROA=45.9%, ROE=156.2%, P/E=53.42, P/S=32.50, P/B=83.44, P/FCF=44.91, EV/Sales=32.69, EV/EBITDA=41.21, R&D / sales=4.1%, SG&A / sales=Unavailable, Diluted share change YoY=-1.7%, Interest coverage=Unavailable"
2026-06-16T06:34:41+01:00,AVGO,Broadcom Inc.,$382.07,$366.60,2026-06-23,64,64,"Current price=$382.07, Market cap=$1.85T, Enterprise value=$1.88T, 20D avg dollar volume=$12.05B, 1D return=-0.9%, 5D return=-0.9%, 20D return=-13.1%, 63D return=18.6%, 126D return=-7.5%, 252D return=51.1%, 63D relative strength vs SPY=0.07, 50DMA=406.45, 200DMA=358.10, Price vs 50DMA=-6.0%, Price vs 200DMA=6.7%, Distance from 52W high=-20.7%, Distance from 52W low=53.6%, RSI 14=42.57, 20D realized volatility=69.7%, 60D realized volatility=54.2%, 1Y beta vs SPY=2.15, 1Y correlation vs SPY=58.1%, 1Y max drawdown=-29.0%, 60D downside volatility=45.2%, ATR 14 as % price=6.8%, Prediction date=2026-06-23, Predicted price center=$366.60, 68% prediction low=$332.32, 68% prediction high=$404.41, Revenue=$63.89B, Revenue growth YoY=23.9%, Gross profit=$43.29B, Gross margin=67.8%, Operating income=$25.48B, Operating margin=39.9%, Net income=$23.13B, Net margin=36.2%, Diluted EPS=4.77, EPS growth YoY=287.8%, Operating cash flow=$27.54B, Capital expenditure=$623.00M, Free cash flow=$26.91B, FCF margin=42.1%, CFO / net income=1.19, Total assets=$171.09B, Total liabilities=$89.80B, Shareholders equity=$81.29B, Cash and equivalents=$16.18B, Total debt=$42.82B, Debt / equity=0.53, Cash / assets=9.5%, Liabilities / assets=52.5%, ROA=13.5%, ROE=28.4%, P/E=80.10, P/S=29.02, P/B=22.81, P/FCF=68.89, EV/Sales=29.44, EV/EBITDA=73.80, R&D / sales=17.2%, SG&A / sales=6.6%, Diluted share change YoY=1.6%, Interest coverage=6.45"
2026-06-16T06:34:41+01:00,BCS,Barclays PLC,$25.47,$26.17,2026-06-23,43,64,"Current price=$25.47, Market cap=Unavailable, Enterprise value=Unavailable, 20D avg dollar volume=$129.42M, 1D return=2.9%, 5D return=4.9%, 20D return=10.7%, 63D return=24.4%, 126D return=6.9%, 252D return=45.1%, 63D relative strength vs SPY=0.12, 50DMA=23.61, 200DMA=22.99, Price vs 50DMA=7.9%, Price vs 200DMA=10.8%, Distance from 52W high=-7.4%, Distance from 52W low=46.5%, RSI 14=63.23, 20D realized volatility=37.5%, 60D realized volatility=36.5%, 1Y beta vs SPY=1.61, 1Y correlation vs SPY=67.7%, 1Y max drawdown=-27.1%, 60D downside volatility=18.1%, ATR 14 as % price=2.7%, Prediction date=2026-06-23, Predicted price center=$26.17, 68% prediction low=$24.82, 68% prediction high=$27.59, Revenue=$9.98B, Revenue growth YoY=Unavailable, Gross profit=Unavailable, Gross margin=Unavailable, Operating income=Unavailable, Operating margin=Unavailable, Net income=$5.32B, Net margin=53.3%, Diluted EPS=0.27, EPS growth YoY=Unavailable, Operating cash flow=$-927.00M, Capital expenditure=Unavailable, Free cash flow=Unavailable, FCF margin=Unavailable, CFO / net income=-0.17, Total assets=$1.48T, Total liabilities=$1.41T, Shareholders equity=$69.26B, Cash and equivalents=$278.79B, Total debt=Unavailable, Debt / equity=Unavailable, Cash / assets=18.9%, Liabilities / assets=95.1%, ROA=0.4%, ROE=7.7%, P/E=94.68, P/S=Unavailable, P/B=Unavailable, P/FCF=Unavailable, EV/Sales=Unavailable, EV/EBITDA=Unavailable, R&D / sales=Unavailable, SG&A / sales=26.1%, Diluted share change YoY=Unavailable, Interest coverage=Unavailable"
2026-06-16T06:34:41+01:00,BTGOF,BT Group plc,$2.80,$2.72,2026-06-23,41,64,"Current price=$2.80, Market cap=Unavailable, Enterprise value=Unavailable, 20D avg dollar volume=$41,888.00, 1D return=2.6%, 5D return=2.6%, 20D return=-9.7%, 63D return=-0.7%, 126D return=19.1%, 252D return=14.8%, 63D relative strength vs SPY=-0.13, 50DMA=2.87, 200DMA=2.64, Price vs 50DMA=-2.6%, Price vs 200DMA=6.2%, Distance from 52W high=-11.9%, Distance from 52W low=25.6%, RSI 14=47.80, 20D realized volatility=82.7%, 60D realized volatility=62.0%, 1Y beta vs SPY=0.16, 1Y correlation vs SPY=4.3%, 1Y max drawdown=-24.1%, 60D downside volatility=51.6%, ATR 14 as % price=4.1%, Prediction date=2026-06-23, Predicted price center=$2.72, 68% prediction low=$2.42, 68% prediction high=$3.05, Revenue=$23.72B, Revenue growth YoY=Unavailable, Gross profit=Unavailable, Gross margin=Unavailable, Operating income=Unavailable, Operating margin=Unavailable, Net income=$2.03B, Net margin=8.6%, Diluted EPS=0.20, EPS growth YoY=Unavailable, Operating cash flow=$4.93B, Capital expenditure=$3.36B, Free cash flow=$1.56B, FCF margin=6.6%, CFO / net income=2.42, Total assets=Unavailable, Total liabilities=Unavailable, Shareholders equity=$8.34B, Cash and equivalents=$528.00M, Total debt=Unavailable, Debt / equity=Unavailable, Cash / assets=Unavailable, Liabilities / assets=Unavailable, ROA=Unavailable, ROE=24.4%, P/E=13.73, P/S=Unavailable, P/B=Unavailable, P/FCF=Unavailable, EV/Sales=Unavailable, EV/EBITDA=Unavailable, R&D / sales=2.4%, SG&A / sales=Unavailable, Diluted share change YoY=Unavailable, Interest coverage=Unavailable"
2026-06-16T06:34:41+01:00,CRDO,Credo Technology Group Holding Ltd,$259.41,$288.62,2026-06-23,61,64,"Current price=$259.41, Market cap=$48.83B, Enterprise value=$47.66B, 20D avg dollar volume=$2.55B, 1D return=3.4%, 5D return=16.7%, 20D return=50.7%, 63D return=121.9%, 126D return=67.9%, 252D return=249.0%, 63D relative strength vs SPY=1.10, 50DMA=188.51, 200DMA=151.70, Price vs 50DMA=37.6%, Price vs 200DMA=71.0%, Distance from 52W high=-2.0%, Distance from 52W low=253.0%, RSI 14=63.85, 20D realized volatility=94.9%, 60D realized volatility=96.2%, 1Y beta vs SPY=-0.58, 1Y correlation vs SPY=-8.4%, 1Y max drawdown=-53.6%, 60D downside volatility=41.3%, ATR 14 as % price=10.4%, Prediction date=2026-06-23, Predicted price center=$288.62, 68% prediction low=$252.52, 68% prediction high=$329.89, Revenue=$1.34B, Revenue growth YoY=205.7%, Gross profit=$908.35M, Gross margin=68.0%, Operating income=$445.00M, Operating margin=33.3%, Net income=$472.28M, Net margin=35.4%, Diluted EPS=2.51, EPS growth YoY=765.5%, Operating cash flow=$464.29M, Capital expenditure=$57.30M, Free cash flow=$407.00M, FCF margin=30.5%, CFO / net income=0.98, Total assets=$2.30B, Total liabilities=$232.01M, Shareholders equity=$2.06B, Cash and equivalents=$1.16B, Total debt=Unavailable, Debt / equity=Unavailable, Cash / assets=50.7%, Liabilities / assets=10.1%, ROA=20.6%, ROE=22.9%, P/E=103.35, P/S=36.57, P/B=23.66, P/FCF=119.97, EV/Sales=35.70, EV/EBITDA=99.37, R&D / sales=20.9%, SG&A / sales=13.8%, Diluted share change YoY=3.9%, Interest coverage=Unavailable"
2026-06-16T06:34:41+01:00,DOCN,"DigitalOcean Holdings, Inc.",$181.29,$190.20,2026-06-23,63,64,"Current price=$181.29, Market cap=$19.10B, Enterprise value=$20.46B, 20D avg dollar volume=$537.75M, 1D return=6.4%, 5D return=7.1%, 20D return=17.1%, 63D return=151.8%, 126D return=268.7%, 252D return=542.9%, 63D relative strength vs SPY=1.40, 50DMA=132.37, 200DMA=71.32, Price vs 50DMA=37.0%, Price vs 200DMA=154.2%, Distance from 52W high=0.0%, Distance from 52W low=604.3%, RSI 14=63.73, 20D realized volatility=66.1%, 60D realized volatility=102.5%, 1Y beta vs SPY=-0.60, 1Y correlation vs SPY=-9.6%, 1Y max drawdown=-24.1%, 60D downside volatility=50.4%, ATR 14 as % price=7.9%, Prediction date=2026-06-23, Predicted price center=$190.20, 68% prediction low=$173.31, 68% prediction high=$208.75, Revenue=$901.43M, Revenue growth YoY=339.9%, Gross profit=$539.59M, Gross margin=59.9%, Operating income=$156.99M, Operating margin=17.4%, Net income=$259.26M, Net margin=28.8%, Diluted EPS=2.52, EPS growth YoY=1226.3%, Operating cash flow=$309.60M, Capital expenditure=$129.09M, Free cash flow=$180.52M, FCF margin=20.0%, CFO / net income=1.19, Total assets=$1.84B, Total liabilities=$1.87B, Shareholders equity=$-28.69M, Cash and equivalents=$254.63M, Total debt=$1.62B, Debt / equity=-56.50, Cash / assets=13.9%, Liabilities / assets=101.6%, ROA=14.1%, ROE=-903.7%, P/E=71.94, P/S=21.19, P/B=-665.65, P/FCF=105.79, EV/Sales=22.70, EV/EBITDA=69.50, R&D / sales=17.9%, SG&A / sales=Unavailable, Diluted share change YoY=11.6%, Interest coverage=17.55"
2026-06-16T06:34:41+01:00,GOOGL,Alphabet Inc.,$359.68,$354.12,2026-06-23,61,64,"Current price=$359.68, Market cap=$4.40T, Enterprise value=$4.42T, 20D avg dollar volume=$11.68B, 1D return=0.5%, 5D return=-2.4%, 20D return=-10.3%, 63D return=19.0%, 126D return=12.3%, 252D return=102.8%, 63D relative strength vs SPY=0.07, 50DMA=362.26, 200DMA=307.94, Price vs 50DMA=-0.7%, Price vs 200DMA=16.8%, Distance from 52W high=-10.7%, Distance from 52W low=117.7%, RSI 14=33.96, 20D realized volatility=25.7%, 60D realized volatility=35.9%, 1Y beta vs SPY=1.28, 1Y correlation vs SPY=54.3%, 1Y max drawdown=-20.4%, 60D downside volatility=18.9%, ATR 14 as % price=3.0%, Prediction date=2026-06-23, Predicted price center=$354.12, 68% prediction low=$341.51, 68% prediction high=$367.19, Revenue=$402.84B, Revenue growth YoY=15.1%, Gross profit=Unavailable, Gross margin=Unavailable, Operating income=$129.04B, Operating margin=32.0%, Net income=$132.17B, Net margin=32.8%, Diluted EPS=10.81, EPS growth YoY=34.5%, Operating cash flow=$164.71B, Capital expenditure=$91.45B, Free cash flow=$73.27B, FCF margin=18.2%, CFO / net income=1.25, Total assets=$595.28B, Total liabilities=$180.02B, Shareholders equity=$415.26B, Cash and equivalents=$30.71B, Total debt=$51.08B, Debt / equity=0.12, Cash / assets=5.2%, Liabilities / assets=30.2%, ROA=22.2%, ROE=31.8%, P/E=33.27, P/S=10.92, P/B=10.59, P/FCF=60.04, EV/Sales=10.97, EV/EBITDA=34.25, R&D / sales=15.2%, SG&A / sales=Unavailable, Diluted share change YoY=-1.7%, Interest coverage=418.96"
2026-06-16T06:34:41+01:00,HPE,Hewlett Packard Enterprise Company,$49.02,$54.33,2026-06-23,62,64,"Current price=$49.02, Market cap=$64.90B, Enterprise value=$84.59B, 20D avg dollar volume=$1.95B, 1D return=1.8%, 5D return=-1.7%, 20D return=48.1%, 63D return=124.3%, 126D return=99.8%, 252D return=170.4%, 63D relative strength vs SPY=1.12, 50DMA=34.41, 200DMA=25.92, Price vs 50DMA=42.5%, Price vs 200DMA=89.1%, Distance from 52W high=-12.7%, Distance from 52W low=177.7%, RSI 14=65.51, 20D realized volatility=99.2%, 60D realized volatility=70.5%, 1Y beta vs SPY=-0.15, 1Y correlation vs SPY=-3.9%, 1Y max drawdown=-23.8%, 60D downside volatility=32.5%, ATR 14 as % price=8.8%, Prediction date=2026-06-23, Predicted price center=$54.33, 68% prediction low=$47.24, 68% prediction high=$62.48, Revenue=$34.30B, Revenue growth YoY=13.8%, Gross profit=Unavailable, Gross margin=Unavailable, Operating income=$-437.00M, Operating margin=-1.3%, Net income=$57.00M, Net margin=0.2%, Diluted EPS=-0.04, EPS growth YoY=-102.1%, Operating cash flow=$2.92B, Capital expenditure=$2.29B, Free cash flow=$627.00M, FCF margin=1.8%, CFO / net income=51.21, Total assets=$75.91B, Total liabilities=$14.28B, Shareholders equity=$24.75B, Cash and equivalents=$5.86B, Total debt=$25.54B, Debt / equity=1.03, Cash / assets=7.7%, Liabilities / assets=18.8%, ROA=0.1%, ROE=0.2%, P/E=-1225.50, P/S=1.89, P/B=2.62, P/FCF=103.51, EV/Sales=2.47, EV/EBITDA=36.78, R&D / sales=7.3%, SG&A / sales=16.6%, Diluted share change YoY=-1.0%, Interest coverage=-0.40"
2026-06-16T06:34:41+01:00,JPM,JPMorgan Chase & Co.,$320.72,$328.55,2026-06-23,52,64,"Current price=$320.72, Market cap=$892.08B, Enterprise value=$881.41B, 20D avg dollar volume=$2.82B, 1D return=2.3%, 5D return=2.7%, 20D return=6.9%, 63D return=13.2%, 126D return=3.4%, 252D return=19.6%, 63D relative strength vs SPY=0.01, 50DMA=306.59, 200DMA=306.56, Price vs 50DMA=4.6%, Price vs 200DMA=4.6%, Distance from 52W high=-4.2%, Distance from 52W low=21.0%, RSI 14=64.43, 20D realized volatility=22.5%, 60D realized volatility=22.5%, 1Y beta vs SPY=0.93, 1Y correlation vs SPY=52.9%, 1Y max drawdown=-15.5%, 60D downside volatility=12.9%, ATR 14 as % price=2.0%, Prediction date=2026-06-23, Predicted price center=$328.55, 68% prediction low=$318.29, 68% prediction high=$339.14, Revenue=$182.45B, Revenue growth YoY=2.8%, Gross profit=Unavailable, Gross margin=Unavailable, Operating income=Unavailable, Operating margin=Unavailable, Net income=$57.05B, Net margin=31.3%, Diluted EPS=20.02, EPS growth YoY=1.4%, Operating cash flow=$-147.78B, Capital expenditure=Unavailable, Free cash flow=Unavailable, FCF margin=Unavailable, CFO / net income=-2.59, Total assets=$4.42T, Total liabilities=$4.06T, Shareholders equity=$362.44B, Cash and equivalents=$343.34B, Total debt=$332.67B, Debt / equity=0.92, Cash / assets=7.8%, Liabilities / assets=91.8%, ROA=1.3%, ROE=15.7%, P/E=16.02, P/S=4.89, P/B=2.46, P/FCF=Unavailable, EV/Sales=4.83, EV/EBITDA=Unavailable, R&D / sales=Unavailable, SG&A / sales=Unavailable, Diluted share change YoY=-3.4%, Interest coverage=Unavailable"
2026-06-16T06:34:41+01:00,LITE,Lumentum Holdings Inc.,$957.24,$951.27,2026-06-23,64,64,"Current price=$957.24, Market cap=$66.62B, Enterprise value=$68.68B, 20D avg dollar volume=$5.62B, 1D return=3.9%, 5D return=6.9%, 20D return=-1.4%, 63D return=53.2%, 126D return=157.3%, 252D return=1019.6%, 63D relative strength vs SPY=0.41, 50DMA=903.34, 200DMA=501.48, Price vs 50DMA=6.0%, Price vs 200DMA=90.9%, Distance from 52W high=-9.1%, Distance from 52W low=1060.8%, RSI 14=53.57, 20D realized volatility=100.1%, 60D realized volatility=97.5%, 1Y beta vs SPY=-0.46, 1Y correlation vs SPY=-6.7%, 1Y max drawdown=-28.7%, 60D downside volatility=49.7%, ATR 14 as % price=9.3%, Prediction date=2026-06-23, Predicted price center=$951.27, 68% prediction low=$826.16, 68% prediction high=$1,095.33, Revenue=$1.65B, Revenue growth YoY=21.0%, Gross profit=$459.90M, Gross margin=28.0%, Operating income=$-180.10M, Operating margin=-10.9%, Net income=$25.90M, Net margin=1.6%, Diluted EPS=0.37, EPS growth YoY=-95.4%, Operating cash flow=$126.30M, Capital expenditure=$231.00M, Free cash flow=$-104.70M, FCF margin=-6.4%, CFO / net income=4.88, Total assets=$4.22B, Total liabilities=$3.08B, Shareholders equity=$1.13B, Cash and equivalents=$520.70M, Total debt=$2.57B, Debt / equity=2.27, Cash / assets=12.3%, Liabilities / assets=73.1%, ROA=0.6%, ROE=2.3%, P/E=2587.14, P/S=40.50, P/B=58.71, P/FCF=-636.33, EV/Sales=41.75, EV/EBITDA=-381.32, R&D / sales=18.5%, SG&A / sales=21.2%, Diluted share change YoY=3.4%, Interest coverage=-5.07"
2026-06-16T06:34:41+01:00,LLY,Eli Lilly and Company,"$1,133.00","$1,174.40",2026-06-23,56,64,"Current price=$1,133.00, Market cap=$1.02T, Enterprise value=$1.05T, 20D avg dollar volume=$3.67B, 1D return=-2.4%, 5D return=0.1%, 20D return=12.5%, 63D return=15.0%, 126D return=14.0%, 252D return=40.1%, 63D relative strength vs SPY=0.03, 50DMA=996.78, 200DMA=958.45, Price vs 50DMA=13.7%, Price vs 200DMA=18.2%, Distance from 52W high=-2.4%, Distance from 52W low=81.1%, RSI 14=62.35, 20D realized volatility=32.6%, 60D realized volatility=36.2%, 1Y beta vs SPY=0.53, 1Y correlation vs SPY=17.1%, 1Y max drawdown=-23.6%, 60D downside volatility=14.7%, ATR 14 as % price=3.6%, Prediction date=2026-06-23, Predicted price center=$1,174.40, 68% prediction low=$1,121.74, 68% prediction high=$1,229.54, Revenue=$65.18B, Revenue growth YoY=44.7%, Gross profit=Unavailable, Gross margin=Unavailable, Operating income=Unavailable, Operating margin=Unavailable, Net income=$20.64B, Net margin=31.7%, Diluted EPS=22.95, EPS growth YoY=96.0%, Operating cash flow=$16.81B, Capital expenditure=$300.30M, Free cash flow=$16.51B, FCF margin=25.3%, CFO / net income=0.81, Total assets=$112.48B, Total liabilities=Unavailable, Shareholders equity=$26.54B, Cash and equivalents=$7.27B, Total debt=$41.88B, Debt / equity=1.58, Cash / assets=6.5%, Liabilities / assets=Unavailable, ROA=18.4%, ROE=77.8%, P/E=49.37, P/S=15.63, P/B=38.40, P/FCF=61.70, EV/Sales=16.16, EV/EBITDA=Unavailable, R&D / sales=11.0%, SG&A / sales=17.0%, Diluted share change YoY=-0.5%, Interest coverage=Unavailable"
2026-06-16T06:34:41+01:00,LUNR,"Intuitive Machines, Inc.",$25.76,$23.87,2026-06-23,60,64,"Current price=$25.76, Market cap=$2.97B, Enterprise value=$2.72B, 20D avg dollar volume=$456.48M, 1D return=-3.2%, 5D return=-13.4%, 20D return=-24.0%, 63D return=45.6%, 126D return=105.3%, 252D return=136.5%, 63D relative strength vs SPY=0.34, 50DMA=29.70, 200DMA=18.03, Price vs 50DMA=-13.3%, Price vs 200DMA=42.8%, Distance from 52W high=-43.6%, Distance from 52W low=220.0%, RSI 14=39.28, 20D realized volatility=150.6%, 60D realized volatility=135.5%, 1Y beta vs SPY=-0.26, 1Y correlation vs SPY=-2.9%, 1Y max drawdown=-43.6%, 60D downside volatility=70.6%, ATR 14 as % price=17.5%, Prediction date=2026-06-23, Predicted price center=$23.87, 68% prediction low=$19.30, 68% prediction high=$29.50, Revenue=$207.13M, Revenue growth YoY=-9.2%, Gross profit=Unavailable, Gross margin=Unavailable, Operating income=$-87.23M, Operating margin=-42.1%, Net income=$-106.85M, Net margin=-51.6%, Diluted EPS=-0.73, EPS growth YoY=-115.8%, Operating cash flow=$-14.32M, Capital expenditure=$41.63M, Free cash flow=$-55.95M, FCF margin=-27.0%, CFO / net income=0.13, Total assets=$757.15M, Total liabilities=$553.45M, Shareholders equity=$-754.45M, Cash and equivalents=$585.34M, Total debt=$335.33M, Debt / equity=-0.44, Cash / assets=77.3%, Liabilities / assets=73.1%, ROA=-14.1%, ROE=14.2%, P/E=-35.29, P/S=14.36, P/B=-3.94, P/FCF=-53.14, EV/Sales=13.15, EV/EBITDA=-32.56, R&D / sales=0.4%, SG&A / sales=Unavailable, Diluted share change YoY=88.0%, Interest coverage=Unavailable"
2026-06-16T06:34:41+01:00,LYG,Lloyds Banking Group plc,$5.50,$5.59,2026-06-23,45,64,"Current price=$5.50, Market cap=Unavailable, Enterprise value=Unavailable, 20D avg dollar volume=$138.24M, 1D return=1.5%, 5D return=3.6%, 20D return=6.6%, 63D return=9.6%, 126D return=9.1%, 252D return=32.5%, 63D relative strength vs SPY=-0.02, 50DMA=5.37, 200DMA=5.13, Price vs 50DMA=2.3%, Price vs 200DMA=7.3%, Distance from 52W high=-12.0%, Distance from 52W low=36.5%, RSI 14=55.93, 20D realized volatility=35.4%, 60D realized volatility=36.5%, 1Y beta vs SPY=1.38, 1Y correlation vs SPY=59.6%, 1Y max drawdown=-22.7%, 60D downside volatility=17.6%, ATR 14 as % price=2.4%, Prediction date=2026-06-23, Predicted price center=$5.59, 68% prediction low=$5.31, 68% prediction high=$5.87, Revenue=$18.63B, Revenue growth YoY=Unavailable, Gross profit=Unavailable, Gross margin=Unavailable, Operating income=Unavailable, Operating margin=Unavailable, Net income=$5.52B, Net margin=29.6%, Diluted EPS=0.07, EPS growth YoY=Unavailable, Operating cash flow=$6.81B, Capital expenditure=$3.96B, Free cash flow=$2.85B, FCF margin=15.3%, CFO / net income=1.23, Total assets=$906.70B, Total liabilities=$860.81B, Shareholders equity=$43.91B, Cash and equivalents=$95.83B, Total debt=Unavailable, Debt / equity=Unavailable, Cash / assets=10.6%, Liabilities / assets=94.9%, ROA=0.6%, ROE=12.6%, P/E=73.33, P/S=Unavailable, P/B=Unavailable, P/FCF=Unavailable, EV/Sales=Unavailable, EV/EBITDA=Unavailable, R&D / sales=Unavailable, SG&A / sales=Unavailable, Diluted share change YoY=Unavailable, Interest coverage=Unavailable"
2026-06-16T06:34:41+01:00,META,"Meta Platforms, Inc.",$593.48,$588.43,2026-06-23,61,64,"Current price=$593.48, Market cap=$1.53T, Enterprise value=$1.55T, 20D avg dollar volume=$10.65B, 1D return=4.7%, 5D return=1.4%, 20D return=-3.4%, 63D return=-5.4%, 126D return=-9.1%, 252D return=-14.4%, 63D relative strength vs SPY=-0.17, 50DMA=622.21, 200DMA=657.32, Price vs 50DMA=-4.6%, Price vs 200DMA=-9.7%, Distance from 52W high=-24.9%, Distance from 52W low=12.9%, RSI 14=44.69, 20D realized volatility=40.1%, 60D realized volatility=43.9%, 1Y beta vs SPY=0.11, 1Y correlation vs SPY=3.8%, 1Y max drawdown=-33.5%, 60D downside volatility=37.4%, ATR 14 as % price=3.8%, Prediction date=2026-06-23, Predicted price center=$588.43, 68% prediction low=$556.08, 68% prediction high=$622.66, Revenue=$200.97B, Revenue growth YoY=22.2%, Gross profit=Unavailable, Gross margin=Unavailable, Operating income=$83.28B, Operating margin=41.4%, Net income=$60.46B, Net margin=30.1%, Diluted EPS=23.49, EPS growth YoY=-1.6%, Operating cash flow=$115.80B, Capital expenditure=$69.69B, Free cash flow=$46.11B, FCF margin=22.9%, CFO / net income=1.92, Total assets=$366.02B, Total liabilities=$148.78B, Shareholders equity=$217.24B, Cash and equivalents=$39.10B, Total debt=$58.74B, Debt / equity=0.27, Cash / assets=10.7%, Liabilities / assets=40.6%, ROA=16.5%, ROE=27.8%, P/E=25.27, P/S=7.60, P/B=7.03, P/FCF=33.13, EV/Sales=7.70, EV/EBITDA=15.19, R&D / sales=28.5%, SG&A / sales=Unavailable, Diluted share change YoY=-1.5%, Interest coverage=186.72"
2026-06-16T06:34:41+01:00,MSFT,Microsoft Corporation,$390.74,$385.94,2026-06-23,63,64,"Current price=$390.74, Market cap=$2.92T, Enterprise value=$2.93T, 20D avg dollar volume=$14.80B, 1D return=0.1%, 5D return=-6.2%, 20D return=-4.6%, 63D return=-1.2%, 126D return=-18.4%, 252D return=-17.3%, 63D relative strength vs SPY=-0.13, 50DMA=411.80, 200DMA=453.73, Price vs 50DMA=-5.1%, Price vs 200DMA=-13.9%, Distance from 52W high=-27.9%, Distance from 52W low=9.5%, RSI 14=38.93, 20D realized volatility=37.1%, 60D realized volatility=31.9%, 1Y beta vs SPY=0.85, 1Y correlation vs SPY=40.8%, 1Y max drawdown=-34.2%, 60D downside volatility=18.9%, ATR 14 as % price=3.4%, Prediction date=2026-06-23, Predicted price center=$385.94, 68% prediction low=$366.27, 68% prediction high=$406.66, Revenue=$281.72B, Revenue growth YoY=14.9%, Gross profit=$193.89B, Gross margin=68.8%, Operating income=$128.53B, Operating margin=45.6%, Net income=$101.83B, Net margin=36.1%, Diluted EPS=13.64, EPS growth YoY=15.6%, Operating cash flow=$136.16B, Capital expenditure=$64.55B, Free cash flow=$71.61B, FCF margin=25.4%, CFO / net income=1.34, Total assets=$619.00B, Total liabilities=$275.52B, Shareholders equity=$343.48B, Cash and equivalents=$30.24B, Total debt=$46.15B, Debt / equity=0.13, Cash / assets=4.9%, Liabilities / assets=44.5%, ROA=16.5%, ROE=29.6%, P/E=28.65, P/S=10.35, P/B=8.49, P/FCF=40.73, EV/Sales=10.41, EV/EBITDA=22.82, R&D / sales=11.5%, SG&A / sales=Unavailable, Diluted share change YoY=-0.1%, Interest coverage=43.79"
2026-06-16T06:34:41+01:00,NBIS,Nebius Group N.V.,$232.36,$237.20,2026-06-23,52,64,"Current price=$232.36, Market cap=Unavailable, Enterprise value=Unavailable, 20D avg dollar volume=$4.06B, 1D return=4.6%, 5D return=2.0%, 20D return=5.1%, 63D return=105.7%, 126D return=148.3%, 252D return=359.5%, 63D relative strength vs SPY=0.94, 50DMA=184.61, 200DMA=120.96, Price vs 50DMA=25.9%, Price vs 200DMA=92.1%, Distance from 52W high=-12.2%, Distance from 52W low=424.5%, RSI 14=55.61, 20D realized volatility=105.1%, 60D realized volatility=98.8%, 1Y beta vs SPY=3.19, 1Y correlation vs SPY=39.6%, 1Y max drawdown=-45.5%, 60D downside volatility=48.8%, ATR 14 as % price=10.9%, Prediction date=2026-06-23, Predicted price center=$237.20, 68% prediction low=$204.55, 68% prediction high=$275.07, Revenue=$9.80M, Revenue growth YoY=Unavailable, Gross profit=Unavailable, Gross margin=Unavailable, Operating income=$-285.70M, Operating margin=-2915.3%, Net income=$241.30M, Net margin=2462.2%, Diluted EPS=0.65, EPS growth YoY=Unavailable, Operating cash flow=$829.80M, Capital expenditure=$82.90M, Free cash flow=$746.90M, FCF margin=7621.4%, CFO / net income=3.44, Total assets=$3.55B, Total liabilities=$294.90M, Shareholders equity=$3.25B, Cash and equivalents=$110.70M, Total debt=$4.11B, Debt / equity=1.26, Cash / assets=3.1%, Liabilities / assets=8.3%, ROA=6.8%, ROE=7.4%, P/E=357.48, P/S=Unavailable, P/B=Unavailable, P/FCF=Unavailable, EV/Sales=Unavailable, EV/EBITDA=Unavailable, R&D / sales=888.8%, SG&A / sales=1627.6%, Diluted share change YoY=Unavailable, Interest coverage=-0.08"
2026-06-16T06:34:41+01:00,NVDA,NVIDIA Corporation,$205.19,$199.38,2026-06-23,64,64,"Current price=$205.19, Market cap=$5.03T, Enterprise value=$5.03T, 20D avg dollar volume=$36.12B, 1D return=0.2%, 5D return=0.0%, 20D return=-13.0%, 63D return=13.8%, 126D return=11.6%, 252D return=43.7%, 63D relative strength vs SPY=0.02, 50DMA=206.91, 200DMA=189.26, Price vs 50DMA=-0.8%, Price vs 200DMA=8.4%, Distance from 52W high=-13.0%, Distance from 52W low=44.5%, RSI 14=42.12, 20D realized volatility=43.6%, 60D realized volatility=40.8%, 1Y beta vs SPY=1.83, 1Y correlation vs SPY=64.5%, 1Y max drawdown=-20.2%, 60D downside volatility=25.9%, ATR 14 as % price=4.1%, Prediction date=2026-06-23, Predicted price center=$199.38, 68% prediction low=$187.51, 68% prediction high=$212.00, Revenue=$215.94B, Revenue growth YoY=65.5%, Gross profit=$153.46B, Gross margin=71.1%, Operating income=$130.39B, Operating margin=60.4%, Net income=$120.07B, Net margin=55.6%, Diluted EPS=4.90, EPS growth YoY=66.7%, Operating cash flow=$102.72B, Capital expenditure=$6.04B, Free cash flow=$96.68B, FCF margin=44.8%, CFO / net income=0.86, Total assets=$206.80B, Total liabilities=$49.51B, Shareholders equity=$157.29B, Cash and equivalents=$10.61B, Total debt=$9.47B, Debt / equity=0.06, Cash / assets=5.1%, Liabilities / assets=23.9%, ROA=58.1%, ROE=76.3%, P/E=41.88, P/S=23.29, P/B=31.98, P/FCF=52.03, EV/Sales=23.29, EV/EBITDA=37.75, R&D / sales=8.6%, SG&A / sales=2.1%, Diluted share change YoY=-1.2%, Interest coverage=507.34"
2026-06-16T06:34:41+01:00,OSCR,"Oscar Health, Inc.",$29.14,$30.81,2026-06-23,61,64,"Current price=$29.14, Market cap=$7.65B, Enterprise value=$5.27B, 20D avg dollar volume=$229.83M, 1D return=3.1%, 5D return=6.4%, 20D return=25.0%, 63D return=119.4%, 126D return=83.6%, 252D return=103.2%, 63D relative strength vs SPY=1.07, 50DMA=20.44, 200DMA=17.19, Price vs 50DMA=42.6%, Price vs 200DMA=69.5%, Distance from 52W high=0.0%, Distance from 52W low=168.6%, RSI 14=75.84, 20D realized volatility=87.9%, 60D realized volatility=70.7%, 1Y beta vs SPY=-0.18, 1Y correlation vs SPY=-2.9%, 1Y max drawdown=-51.7%, 60D downside volatility=33.5%, ATR 14 as % price=6.3%, Prediction date=2026-06-23, Predicted price center=$30.81, 68% prediction low=$27.23, 68% prediction high=$34.88, Revenue=$28.59M, Revenue growth YoY=39.0%, Gross profit=Unavailable, Gross margin=Unavailable, Operating income=$-396.36M, Operating margin=-1386.2%, Net income=$-442.90M, Net margin=-1549.0%, Diluted EPS=-1.69, EPS growth YoY=-1790.0%, Operating cash flow=$1.09B, Capital expenditure=$36.37M, Free cash flow=$1.06B, FCF margin=3701.9%, CFO / net income=-2.47, Total assets=$6.33B, Total liabilities=$5.34B, Shareholders equity=$980.74M, Cash and equivalents=$2.80B, Total debt=$430.10M, Debt / equity=0.44, Cash / assets=44.3%, Liabilities / assets=84.5%, ROA=-7.0%, ROE=-45.2%, P/E=-17.24, P/S=267.41, P/B=7.80, P/FCF=7.22, EV/Sales=184.38, EV/EBITDA=-14.35, R&D / sales=Unavailable, SG&A / sales=7169.1%, Diluted share change YoY=-1.3%, Interest coverage=-16.11"
2026-06-16T06:34:41+01:00,RBRK,"Rubrik, Inc.",$68.19,$69.43,2026-06-23,62,64,"Current price=$68.19, Market cap=$13.40B, Enterprise value=$13.33B, 20D avg dollar volume=$312.38M, 1D return=-4.6%, 5D return=-7.1%, 20D return=8.6%, 63D return=27.6%, 126D return=-24.2%, 252D return=-23.3%, 63D relative strength vs SPY=0.16, 50DMA=61.05, 200DMA=67.58, Price vs 50DMA=11.7%, Price vs 200DMA=0.9%, Distance from 52W high=-30.8%, Distance from 52W low=55.6%, RSI 14=51.97, 20D realized volatility=70.2%, 60D realized volatility=67.9%, 1Y beta vs SPY=1.69, 1Y correlation vs SPY=33.3%, 1Y max drawdown=-55.5%, 60D downside volatility=38.5%, ATR 14 as % price=7.7%, Prediction date=2026-06-23, Predicted price center=$69.43, 68% prediction low=$62.90, 68% prediction high=$76.64, Revenue=$1.32B, Revenue growth YoY=48.5%, Gross profit=$1.05B, Gross margin=80.1%, Operating income=$-345.42M, Operating margin=-26.2%, Net income=$-348.83M, Net margin=-26.5%, Diluted EPS=-1.78, EPS growth YoY=-123.8%, Operating cash flow=$282.91M, Capital expenditure=$29.63M, Free cash flow=$253.28M, FCF margin=19.2%, CFO / net income=-0.81, Total assets=$2.77B, Total liabilities=$3.29B, Shareholders equity=$-519.56M, Cash and equivalents=$392.74M, Total debt=$322.34M, Debt / equity=-0.62, Cash / assets=14.2%, Liabilities / assets=118.8%, ROA=-12.6%, ROE=67.1%, P/E=-38.31, P/S=10.18, P/B=-25.79, P/FCF=52.90, EV/Sales=10.13, EV/EBITDA=-43.23, R&D / sales=28.4%, SG&A / sales=Unavailable, Diluted share change YoY=27.3%, Interest coverage=Unavailable"
2026-06-16T06:34:41+01:00,SITM,SiTime Corporation,$742.46,$734.06,2026-06-23,64,64,"Current price=$742.46, Market cap=$18.54B, Enterprise value=$18.56B, 20D avg dollar volume=$447.33M, 1D return=1.7%, 5D return=11.8%, 20D return=-4.1%, 63D return=117.3%, 126D return=92.5%, 252D return=246.8%, 63D relative strength vs SPY=1.05, 50DMA=626.90, 200DMA=403.71, Price vs 50DMA=18.4%, Price vs 200DMA=83.9%, Distance from 52W high=-17.6%, Distance from 52W low=290.4%, RSI 14=49.90, 20D realized volatility=74.7%, 60D realized volatility=87.8%, 1Y beta vs SPY=-0.52, 1Y correlation vs SPY=-8.5%, 1Y max drawdown=-30.6%, 60D downside volatility=49.3%, ATR 14 as % price=6.9%, Prediction date=2026-06-23, Predicted price center=$734.06, 68% prediction low=$660.75, 68% prediction high=$815.50, Revenue=$326.66M, Revenue growth YoY=61.2%, Gross profit=$174.99M, Gross margin=53.6%, Operating income=$-66.98M, Operating margin=-20.5%, Net income=$-42.90M, Net margin=-13.1%, Diluted EPS=-1.72, EPS growth YoY=-142.5%, Operating cash flow=$87.15M, Capital expenditure=$52.03M, Free cash flow=$35.13M, FCF margin=10.8%, CFO / net income=-2.03, Total assets=$1.29B, Total liabilities=$138.52M, Shareholders equity=$1.16B, Cash and equivalents=$16.76M, Total debt=$41.00M, Debt / equity=0.04, Cash / assets=1.3%, Liabilities / assets=10.7%, ROA=-3.3%, ROE=-3.7%, P/E=-431.66, P/S=56.75, P/B=16.03, P/FCF=527.73, EV/Sales=56.82, EV/EBITDA=-692.87, R&D / sales=36.4%, SG&A / sales=35.7%, Diluted share change YoY=8.0%, Interest coverage=-92.26"
2026-06-16T06:34:41+01:00,SNOW,Snowflake Inc.,$240.78,$265.59,2026-06-23,60,64,"Current price=$240.78, Market cap=$81.26B, Enterprise value=$78.40B, 20D avg dollar volume=$2.76B, 1D return=3.4%, 5D return=0.1%, 20D return=52.9%, 63D return=38.1%, 126D return=9.2%, 252D return=14.0%, 63D relative strength vs SPY=0.26, 50DMA=174.68, 200DMA=205.74, Price vs 50DMA=37.8%, Price vs 200DMA=17.0%, Distance from 52W high=-14.1%, Distance from 52W low=98.8%, RSI 14=68.13, 20D realized volatility=126.4%, 60D realized volatility=93.3%, 1Y beta vs SPY=-0.10, 1Y correlation vs SPY=-2.0%, 1Y max drawdown=-56.3%, 60D downside volatility=50.2%, ATR 14 as % price=8.1%, Prediction date=2026-06-23, Predicted price center=$265.59, 68% prediction low=$222.26, 68% prediction high=$317.37, Revenue=$4.68B, Revenue growth YoY=29.2%, Gross profit=$3.15B, Gross margin=67.2%, Operating income=$-1.44B, Operating margin=-30.6%, Net income=$-1.33B, Net margin=-28.4%, Diluted EPS=-3.95, EPS growth YoY=-202.3%, Operating cash flow=$1.22B, Capital expenditure=$101.63M, Free cash flow=$1.12B, FCF margin=23.9%, CFO / net income=-0.92, Total assets=$9.13B, Total liabilities=$7.21B, Shareholders equity=$1.92B, Cash and equivalents=$2.86B, Total debt=Unavailable, Debt / equity=Unavailable, Cash / assets=31.4%, Liabilities / assets=78.9%, ROA=-14.6%, ROE=-69.1%, P/E=-60.96, P/S=17.35, P/B=42.23, P/FCF=72.53, EV/Sales=16.74, EV/EBITDA=-64.54, R&D / sales=42.0%, SG&A / sales=Unavailable, Diluted share change YoY=1.4%, Interest coverage=Unavailable"
2026-06-16T06:34:41+01:00,TSLA,"Tesla, Inc.",$406.43,$391.26,2026-06-23,64,64,"Current price=$406.43, Market cap=$1.43T, Enterprise value=$1.42T, 20D avg dollar volume=$19.27B, 1D return=1.8%, 5D return=3.9%, 20D return=-8.3%, 63D return=3.9%, 126D return=-10.0%, 252D return=24.5%, 63D relative strength vs SPY=-0.08, 50DMA=398.30, 200DMA=415.69, Price vs 50DMA=2.0%, Price vs 200DMA=-2.2%, Distance from 52W high=-17.0%, Distance from 52W low=38.3%, RSI 14=43.60, 20D realized volatility=50.6%, 60D realized volatility=45.9%, 1Y beta vs SPY=2.03, 1Y correlation vs SPY=56.1%, 1Y max drawdown=-29.9%, 60D downside volatility=26.4%, ATR 14 as % price=4.4%, Prediction date=2026-06-23, Predicted price center=$391.26, 68% prediction low=$364.32, 68% prediction high=$420.19, Revenue=$94.83B, Revenue growth YoY=-2.9%, Gross profit=$17.09B, Gross margin=18.0%, Operating income=$4.36B, Operating margin=4.6%, Net income=$3.85B, Net margin=4.1%, Diluted EPS=1.08, EPS growth YoY=-47.1%, Operating cash flow=$14.75B, Capital expenditure=$8.53B, Free cash flow=$6.22B, FCF margin=6.6%, CFO / net income=3.83, Total assets=$137.81B, Total liabilities=$54.94B, Shareholders equity=$82.81B, Cash and equivalents=$16.51B, Total debt=$6.63B, Debt / equity=0.08, Cash / assets=12.0%, Liabilities / assets=39.9%, ROA=2.8%, ROE=4.7%, P/E=376.32, P/S=15.12, P/B=17.32, P/FCF=230.53, EV/Sales=15.02, EV/EBITDA=277.89, R&D / sales=6.8%, SG&A / sales=6.2%, Diluted share change YoY=0.9%, Interest coverage=27.92"
2026-06-16T06:34:41+01:00,ZETA,Zeta Global Holdings Corp.,$19.77,$20.40,2026-06-23,61,64,"Current price=$19.77, Market cap=$4.36B, Enterprise value=$4.24B, 20D avg dollar volume=$195.96M, 1D return=-2.2%, 5D return=-9.1%, 20D return=15.0%, 63D return=10.4%, 126D return=1.3%, 252D return=55.3%, 63D relative strength vs SPY=-0.02, 50DMA=18.57, 200DMA=18.73, Price vs 50DMA=6.5%, Price vs 200DMA=5.6%, Distance from 52W high=-21.7%, Distance from 52W low=62.6%, RSI 14=50.50, 20D realized volatility=87.7%, 60D realized volatility=69.7%, 1Y beta vs SPY=-0.71, 1Y correlation vs SPY=-12.3%, 1Y max drawdown=-40.4%, 60D downside volatility=41.4%, ATR 14 as % price=8.2%, Prediction date=2026-06-23, Predicted price center=$20.40, 68% prediction low=$18.03, 68% prediction high=$23.08, Revenue=$1.30B, Revenue growth YoY=29.7%, Gross profit=Unavailable, Gross margin=Unavailable, Operating income=$5.37M, Operating margin=0.4%, Net income=$-31.51M, Net margin=-2.4%, Diluted EPS=-0.14, EPS growth YoY=-136.8%, Operating cash flow=$198.90M, Capital expenditure=$13.81M, Free cash flow=$185.09M, FCF margin=14.2%, CFO / net income=-6.31, Total assets=$1.50B, Total liabilities=$698.93M, Shareholders equity=$804.59M, Cash and equivalents=$319.76M, Total debt=$197.08M, Debt / equity=0.24, Cash / assets=21.3%, Liabilities / assets=46.5%, ROA=-2.1%, ROE=-3.9%, P/E=-141.21, P/S=3.34, P/B=5.42, P/FCF=23.58, EV/Sales=3.25, EV/EBITDA=789.47, R&D / sales=9.0%, SG&A / sales=Unavailable, Diluted share change YoY=18.7%, Interest coverage=14.48"
